{
    "test_accuracy": 0.9931506849315068,
    "test_f1_weighted": 0.9920209824461613,
    "test_precision_weighted": 0.9931979215871516,
    "test_recall_weighted": 0.9931506849315068
}